BEGIN TRANSACTION;
CREATE TABLE IF NOT EXISTS "admin" (
	"id"	INTEGER NOT NULL UNIQUE,
	"username"	TEXT NOT NULL UNIQUE,
	"password"	TEXT NOT NULL,
	PRIMARY KEY("id" AUTOINCREMENT)
);
CREATE TABLE IF NOT EXISTS "culte" (
	"id"	INTEGER NOT NULL UNIQUE,
	"nom"	TEXT NOT NULL,
	PRIMARY KEY("id" AUTOINCREMENT)
);
CREATE TABLE IF NOT EXISTS "membre" (
	"id"	INTEGER NOT NULL UNIQUE,
	"nom"	TEXT NOT NULL,
	"prenom"	TEXT NOT NULL,
	"numero"	TEXT UNIQUE,
	"dateDeNaissance"	TEXT NOT NULL,
	PRIMARY KEY("id" AUTOINCREMENT)
);
CREATE TABLE IF NOT EXISTS "presence" (
	"id"	INTEGER NOT NULL UNIQUE,
	"culte"	INTEGER NOT NULL,
	"presence"	INTEGER NOT NULL,
	"date"	TEXT NOT NULL,
	"member"	INTEGER NOT NULL,
	"pkabsence"	TEXT,
	PRIMARY KEY("id" AUTOINCREMENT),
	FOREIGN KEY("culte") REFERENCES "culte"("id"),
	FOREIGN KEY("member") REFERENCES "membre"("id")
);
INSERT INTO "admin" ("id","username","password") VALUES (1,'Culte','Culte@Pr0t3ction');
INSERT INTO "culte" ("id","nom") VALUES (1,'premier cult'),
 (2,'deuxième cult');
INSERT INTO "membre" ("id","nom","prenom","numero","dateDeNaissance") VALUES (1,'Atse','Gaël ','0707204161','16-12'),
 (2,' OULOUA née Djédjé ','Ozoua grâce Rebecca ','0709527839','04-04'),
 (3,'OULOUA ','Meschac Konan kpandji ','0140236503','02-02'),
 (4,'Gouba epse Moro','Nathalie ','0749572412','27-07'),
 (5,'Oulai','Désirée OCEANE ','0757270964','29-06'),
 (6,'Lago épouse Tibé ','Fatou Esther ','0101787379','22-11'),
 (7,'Gbèkè ','Carine N’guessan','546092697','28-03'),
 (8,'Atsin','Rita Séraphine','0708652369','15-06'),
 (9,'SAM ETIASSE ','Ernest Marc-Antoine ','0749001402','08-07'),
 (10,'Adinkra ','Esther','0170733627','01-11'),
 (11,'Ablan','Marie','0142760655','02-03'),
 (12,'Adinkra ','Mercy','0701599247','02-11'),
 (13,'Guéï epse Dimina','Inès Diane','0707337922','13-06'),
 (14,'NEMLIN Epse KOUADIO ','Guy-Odile ','07 09 96 42 97/ 05 56 05 95 91 ','26-05'),
 (15,'KOUADIO ','Ossieny Jérémie ','07 07 39 31 83 / 05 54 03 39 29 ','06-07'),
 (16,'Ladji','N''draman Prince ','0758429789','14-12'),
 (17,'YAMKE Epse SAM','Beatrice ','0707690180','13-09'),
 (18,'SAM','Jean Marc Harold','0749110102','27-05'),
 (19,'Babo epse Oupoh ','Rosine ','0708850570','12-05'),
 (20,'KEIPO ','Hongninika Nadège epse N''GUESSAN ','0757572676','03-03'),
 (21,'KOUAME ','N’guessan Toussaint','0707812054','19-11'),
 (22,'MORO','YVES-KEVIN','0501198720','16-09'),
 (23,'OULAI','POYA ANGE VALERY','0506846336','20-12'),
 (24,'KOFFI','KOUAME MICHAËL ','0757861251','08-07'),
 (25,'OKIE ','ADELE EDWIGE epse KONATE ','0709796117','13-12'),
 (26,'SILUE ','Ouafi Grace ','0708976612','01-10'),
 (27,'KOKPA ','Romaric Anderson ','0141790726','26-10'),
 (28,'LALIE EPSE N''DRIN ','YABA CLAUTILDE ELISABETH ','0747433593','17-11'),
 (29,'LOUH ESPE KOKPA','YOLET MARIE-FLORENCE','+2250150135857','16-12'),
 (30,'KOKPA','SHAMA EMMANUEL',NULL,'04-09'),
 (31,'Okaingni ','Sandrine ','0777981499','02-04'),
 (32,'Boti','Serge Axel ','0748418346','12-09'),
 (33,'KOFFI ','ADJOUA ARMELLE ROSELYNE ','0709792240','12-09'),
 (34,'OTCHOUMOU ','Ebla Audrey Jemima ','0779032612','02-06'),
 (35,'CHABI','Adèle ','0707797094','11-07'),
 (36,'Chabi','Nohemie',NULL,'13-04'),
 (37,'Chabi','Jérémie ',NULL,'23-02'),
 (38,'Inago ','Paule Eunice ','0566945141','08-11'),
 (39,'Gomé ','Néhémie','0757277119','06-05'),
 (40,'Kovho ','Louange Grâce emmanuelle ','0584100631','11-06'),
 (41,'www ESPERANCE','KEDI','0797263372','23-12'),
 (42,'SAM ETIASSE','Stella Sandra','0103080733','01-03'),
 (43,'Yabro epouse Bouadi ','Annick ','0708227963','26-08'),
 (44,'Bouadi','David christ yvhann ',NULL,'03-07'),
 (45,'Zongo','Eric','0554959088','30-01'),
 (46,'N''DRIN ','Aurelien Fulgence ','0708315636','01-11'),
 (47,'APPIA','Kouassi Franck Olivier ','0747718331','13-04'),
 (48,'Kouame','Annabelle','0708824502','01-12'),
 (49,'Amani','millare ','0778024426','02-03'),
 (50,'ouloua','famien','0585164563','05-08'),
 (51,'Kouame','Ruth Esther Faveur ','0788571902','01-01'),
 (52,'Yolou','Kraba Roxane Emmanuela ','0702895133','23-10'),
 (53,'Kodjo','Amla Sabine ','01 01 35 33 51/ 0757573603','26-04'),
 (54,'Assamoi ','AChrist','0717498990','04-10'),
 (55,'Ezan','Esther','0707233508','05-11'),
 (56,'Etile','Divik3','0747483839','25-07'),
 (57,'Kouame','Emmanuella',NULL,'04-10'),
 (58,'Kedi ','Eli Samuel Emmanuel ','002250172958367','07-09'),
 (59,'Yae','Oria','0769470076','03-05'),
 (60,'Yae','Marc Elisée','002250501215447','16-05'),
 (61,'Kouadio','Rehoboth Jean Samuel','002250798441010','22-04'),
 (62,'Kopka','Schama ','0150135857','04-09'),
 (63,'Guigui','Marie Prunelle',NULL,'21-10'),
 (64,'Ahouassa','Marie-keren','0748582492','02-05'),
 (65,'Louloua','Keren Priscille Paul Keren',NULL,'20-05'),
 (66,'Lasme','Naomie','0747033933','12-12'),
 (67,'Oka','Faveur','0101409727','01-12'),
 (68,'Coulibaly','Abdel Fallick','002250759563499','18-09'),
 (69,'Irie Bi','Christ','0139405254','04-06'),
 (70,'Oulaï','Othniel ','002250508063057','23-09'),
 (71,'Gnepé','Grâce Thirtsa','002250706340950','06-03'),
 (72,'Kouame','Adassa','0707450441','13-08'),
 (73,'Oka','Gloire Hadassa marielle',NULL,'25-06'),
 (74,'Ezan','Tabitha',NULL,'24-01'),
 (75,'Diallo','Noah ',NULL,'02-06'),
 (76,'Gouba epouse Moro','Nathalie Aurelie ',NULL,'27-07'),
 (77,'Moro','Betsaleel ',NULL,'10-09'),
 (78,'Moro','Yaziyz',NULL,'22-03'),
 (79,'TAHOU','ALAIN BRUCE','0101155765','18-04'),
 (80,'Kouame ','Ruth Esther faveur ',NULL,'01-01'),
 (81,'N’dri','Harmonie ange Amani ','0718229244','11-08'),
 (82,'Kakou','Laure','0747511175','20-11'),
 (83,'Gbakouu epse kouleon','Linne Elodie','0703414059','05-04'),
 (84,'Troupah','Marie France ',NULL,'01-09'),
 (85,'Irié Bi louis Alexandre','Irié Bi Louis Alexandre','0140395254','19-05'),
 (86,'Diomande ','Nadia ','0702788553','08-06'),
 (87,'Pharis-Coky épouse KOFFI ','Gabrielle ','0708071262','06-11'),
 (88,'Ligue ','Ligué Arthur ','0507538472','29-05'),
 (89,'Nguessan ','Tite','0759972056','01-01'),
 (90,'Kodjo ','Amla sabine','0101353351','26-04'),
 (91,'N’garan','Esther ','0717942187','01-12'),
 (92,'Atse ','Gaël ',NULL,'16-12'),
 (93,'Oulai','Ange valery',NULL,'20-12'),
 (94,'Guigui ','Nathalie','0170676049','18-10'),
 (95,'N’GOH ','AMICHIA RUFINE DEBORAH ','0779923620','29-12'),
 (96,'CHABI','Adèle KONAN',NULL,'11-07'),
 (97,'Basse eps Gnagne','Cynthia anne ',NULL,'03-09'),
 (98,'Tahou','Sephora',NULL,'07-09'),
 (99,'Bonga','Ange davila','0715971779','15-12'),
 (100,'Kouassi','Komi Jacob ','0779102353','11-11'),
 (101,'Bessanh','Sarah Ghislaine','0749503434/0704959191','10-11'),
 (102,'APPIA née DJAKI ','Aïcha Yasmine ','0777416008','03-07'),
 (103,'Tekehi ','Sahié Chris Élisée yvan ','500433943','07-03'),
 (104,'Kimou','Yacine Iris ','0546696363','18-12'),
 (105,'OKAINGNI','Yominth jeanne sandrine',NULL,'02-04'),
 (106,'Kouassi','Adélaïde ','0594107072','04-08'),
 (107,'Sea ','Julie Armelle ','0707534016','08-04'),
 (108,'Irié','Lou Barbara Esther colombe','0141962568','18-08'),
 (109,'MORO','Yves Kevin',NULL,'16-09'),
 (110,'Ibo','Liguet Astrid Raïssa ','0788898668','15-12'),
 (111,'Dable','Anastasie','0705792760','07-03'),
 (112,'KAMENAN','Yedess Nomel ','707519899','15-12'),
 (113,'Bahieto ','Mireille ','0747273413','22-07'),
 (114,'Yaokokore ','Grace melissa','0748504914','21-04'),
 (115,'KOUKOUGNON ','LAURIS FLORIELLE','0778433658','18-11'),
 (116,'GOMÉ ','Néhémie ',NULL,'06-05'),
 (117,'Babo epse Oupoh','Rosine',NULL,'12-05'),
 (118,'OUPOH','Koutchi Noel','0544577269','25-12'),
 (119,'Lazaho','Dubois yonouhe destoches','0758477567','12-05'),
 (120,'LOUH EPSE KOKPA ','YOLET MARIE-FLORENCE ',NULL,'16-12'),
 (121,'IRIE','Cédric ','0170995200','07-11'),
 (122,'Begre ','Denise ','0102191119','19-01'),
 (123,'N''DRI','Ezéchiel ','+2250797672776','04-04');
INSERT INTO "presence" ("id","culte","presence","date","member","pkabsence") VALUES (1,1,1,'26-11-2025',1,NULL),
 (2,1,1,'26-11-2025',2,NULL),
 (3,1,1,'26-11-2025',3,NULL),
 (4,1,1,'26-11-2025',4,NULL),
 (5,1,1,'26-11-2025',5,NULL),
 (6,1,1,'26-11-2025',6,NULL),
 (7,1,1,'26-11-2025',7,NULL),
 (8,1,1,'26-11-2025',8,NULL),
 (9,1,1,'26-11-2025',9,NULL),
 (10,1,1,'26-11-2025',10,NULL),
 (11,1,1,'26-11-2025',11,NULL),
 (12,1,1,'26-11-2025',12,NULL),
 (13,1,1,'26-11-2025',13,NULL),
 (14,1,1,'26-11-2025',14,NULL),
 (15,1,1,'26-11-2025',15,NULL),
 (16,1,1,'26-11-2025',16,NULL),
 (17,1,1,'26-11-2025',17,NULL),
 (18,1,1,'26-11-2025',18,NULL),
 (19,1,1,'26-11-2025',19,NULL),
 (20,1,1,'26-11-2025',20,NULL),
 (21,1,1,'26-11-2025',21,NULL),
 (22,1,1,'26-11-2025',22,NULL),
 (23,1,1,'26-11-2025',23,NULL),
 (24,1,1,'26-11-2025',24,NULL),
 (25,1,1,'26-11-2025',25,NULL),
 (26,1,1,'26-11-2025',26,NULL),
 (27,1,1,'26-11-2025',27,NULL),
 (28,1,1,'26-11-2025',28,NULL),
 (29,1,1,'26-11-2025',29,NULL),
 (30,1,1,'26-11-2025',30,NULL),
 (31,1,1,'26-11-2025',31,NULL),
 (32,1,1,'26-11-2025',32,NULL),
 (33,1,1,'26-11-2025',33,NULL),
 (34,1,1,'26-11-2025',34,NULL),
 (35,1,1,'26-11-2025',35,NULL),
 (36,1,1,'26-11-2025',36,NULL),
 (37,1,1,'26-11-2025',37,NULL),
 (38,1,1,'26-11-2025',38,NULL),
 (39,1,1,'26-11-2025',39,NULL),
 (40,1,1,'26-11-2025',40,NULL),
 (41,1,1,'26-11-2025',41,NULL),
 (42,1,1,'26-11-2025',42,NULL),
 (43,1,1,'26-11-2025',43,NULL),
 (44,1,1,'26-11-2025',44,NULL),
 (45,1,1,'26-11-2025',45,NULL),
 (46,1,1,'26-11-2025',46,NULL),
 (47,1,1,'26-11-2025',47,NULL),
 (48,1,1,'26-11-2025',48,NULL),
 (49,1,1,'26-11-2025',49,NULL),
 (50,1,1,'26-11-2025',50,NULL),
 (51,1,1,'26-11-2025',51,NULL),
 (52,1,1,'26-11-2025',52,NULL),
 (53,1,1,'26-11-2025',53,NULL),
 (54,1,1,'26-11-2025',54,NULL),
 (55,1,1,'26-11-2025',55,NULL),
 (56,1,1,'26-11-2025',56,NULL),
 (57,1,1,'26-11-2025',57,NULL),
 (58,1,1,'26-11-2025',58,NULL),
 (59,1,1,'26-11-2025',59,NULL),
 (60,1,1,'26-11-2025',60,NULL),
 (61,1,1,'26-11-2025',61,NULL),
 (62,1,1,'26-11-2025',62,NULL),
 (63,1,1,'26-11-2025',63,NULL),
 (64,1,1,'26-11-2025',64,NULL),
 (65,1,1,'26-11-2025',65,NULL),
 (66,1,1,'26-11-2025',66,NULL),
 (67,1,1,'26-11-2025',67,NULL),
 (68,1,1,'26-11-2025',68,NULL),
 (69,1,1,'26-11-2025',69,NULL),
 (70,1,1,'26-11-2025',70,NULL),
 (71,1,1,'26-11-2025',71,NULL),
 (72,1,1,'26-11-2025',72,NULL),
 (73,1,1,'26-11-2025',73,NULL),
 (74,1,1,'26-11-2025',74,NULL),
 (75,1,1,'26-11-2025',75,NULL),
 (76,1,1,'26-11-2025',76,NULL),
 (77,1,1,'26-11-2025',77,NULL),
 (78,1,1,'26-11-2025',78,NULL),
 (79,1,1,'26-11-2025',79,NULL),
 (80,1,1,'26-11-2025',80,NULL),
 (81,1,1,'26-11-2025',81,NULL),
 (82,1,1,'26-11-2025',82,NULL),
 (83,1,1,'26-11-2025',83,NULL),
 (84,1,1,'26-11-2025',84,NULL),
 (85,1,1,'26-11-2025',85,NULL),
 (86,1,1,'26-11-2025',86,NULL),
 (87,1,1,'26-11-2025',87,NULL),
 (88,1,1,'26-11-2025',88,NULL),
 (89,1,1,'26-11-2025',89,NULL),
 (90,1,1,'26-11-2025',90,NULL),
 (91,1,1,'26-11-2025',91,NULL),
 (92,1,1,'26-11-2025',92,NULL),
 (93,1,1,'26-11-2025',93,NULL),
 (94,1,1,'26-11-2025',94,NULL),
 (95,1,1,'26-11-2025',95,NULL),
 (96,1,1,'26-11-2025',96,NULL),
 (97,1,1,'26-11-2025',97,NULL),
 (98,1,1,'26-11-2025',98,NULL),
 (99,1,1,'26-11-2025',99,NULL),
 (100,1,1,'26-11-2025',100,NULL),
 (101,1,1,'26-11-2025',101,NULL),
 (102,1,1,'26-11-2025',102,NULL),
 (103,1,1,'26-11-2025',103,NULL),
 (104,1,1,'26-11-2025',104,NULL),
 (105,1,1,'26-11-2025',105,NULL),
 (106,1,1,'26-11-2025',106,NULL),
 (107,1,1,'26-11-2025',107,NULL),
 (108,1,1,'26-11-2025',108,NULL),
 (109,1,1,'26-11-2025',109,NULL),
 (110,1,1,'26-11-2025',110,NULL),
 (111,1,1,'26-11-2025',111,NULL),
 (112,1,1,'26-11-2025',112,NULL),
 (113,1,1,'26-11-2025',113,NULL),
 (114,1,1,'26-11-2025',114,NULL),
 (115,1,1,'26-11-2025',115,NULL),
 (116,1,1,'26-11-2025',116,NULL),
 (117,1,1,'26-11-2025',117,NULL),
 (118,1,1,'26-11-2025',118,NULL),
 (119,1,1,'26-11-2025',119,NULL),
 (120,1,1,'26-11-2025',120,NULL),
 (121,1,1,'26-11-2025',121,NULL),
 (122,1,1,'26-11-2025',122,NULL),
 (123,1,1,'26-11-2025',123,NULL);
CREATE INDEX "idx_presence_member" ON "presence" (
	"member"
);
CREATE INDEX "idx_presences_date" ON "presence" (
	"date"
);
COMMIT;
